id;role;access
1;Architect;LIMITED
2;Cost Manager;FULL
3;Assistant Project Manager;FULL
4;MEP Engineer;FULL
5;Construction Director;FULL
6;Construction Engineer/Estimator;FULL
7;Delivery Manager;FULL
8;Installation Manager;FULL
9;VP Development;LIMITED
10;Sourcing Manager;FULL
11;Construction Specialist;LIMITED
12;Design Director;LIMITED
13;Project Administrator;LIMITED
14;Regional Design Director;LIMITED
15;Regional Head of Project Delivery;LIMITED
16;Supply Chain Analyst;LIMITED
17;Project Delivery Director;FULL
18;Project Estimator;FULL
19;Project Management Associate;FULL
20;Project Manager;FULL
21;PxWe Construction Manager;FULL
22;PxWe Project Manager;FULL
23;Regional Head of Building Operations;FULL
24;Senior Delivery Manager;FULL
25;Sourcing Analyst;FULL

